ID;CONSTRUCTION;TYPE;CAT
1;cx_1;type_1;cat_1
2;cx_1;type_2;cat_2
3;cx_1;type_3;cat_3
4;cx_1;type_4;cat_1
5;cx_1;type_5;cat_2
6;cx_1;type_6;cat_1
7;cx_1;type_7;cat_1
8;cx_1;type_8;cat_1
9;cx_1;type_9;cat_1
10;cx_1;type_10;cat_2
11;cx_1;type_11;cat_1
12;cx_1;type_12;cat_1
13;cx_1;type_13;cat_1
14;cx_1;type_14;cat_1
15;cx_1;type_15;cat_1
16;cx_1;type_16;cat_2
17;cx_1;type_17;cat_2
18;cx_1;type_18;cat_1
19;cx_1;type_19;cat_3
20;cx_1;type_20;cat_1
21;cx_1;type_21;cat_4
22;cx_1;type_22;cat_2
23;cx_1;type_23;cat_2
24;cx_1;type_24;cat_1
25;cx_1;type_25;cat_1
26;cx_1;type_26;cat_1
27;cx_1;type_27;cat_1
28;cx_1;type_28;cat_3
29;cx_1;type_29;cat_1
30;cx_1;type_30;cat_2
31;cx_1;type_31;cat_1
32;cx_1;type_32;cat_1
33;cx_1;type_33;cat_1
34;cx_1;type_34;cat_1
35;cx_1;type_35;cat_2
36;cx_1;type_36;cat_1
37;cx_1;type_37;cat_4
38;cx_1;type_38;cat_2
39;cx_1;type_39;cat_1
40;cx_1;type_40;cat_1
41;cx_1;type_41;cat_3
42;cx_1;type_42;cat_2
43;cx_1;type_43;cat_2
44;cx_1;type_44;cat_2
45;cx_1;type_45;cat_3
46;cx_1;type_46;cat_1
47;cx_1;type_47;cat_2
48;cx_1;type_48;cat_1
49;cx_1;type_49;cat_2
50;cx_1;type_50;cat_5
51;cx_1;type_51;cat_1
52;cx_1;type_52;cat_1
53;cx_1;type_53;cat_1
54;cx_1;type_54;cat_1
55;cx_1;type_55;cat_2
56;cx_1;type_56;cat_1
57;cx_1;type_57;cat_1
58;cx_1;type_58;cat_1
59;cx_1;type_59;cat_1
60;cx_1;type_60;cat_1
61;cx_1;type_5;cat_2
62;cx_1;type_61;cat_2
63;cx_1;type_62;cat_2
64;cx_1;type_63;cat_1
65;cx_1;type_64;cat_1
66;cx_1;type_65;cat_2
67;cx_1;type_66;cat_1
68;cx_1;type_67;cat_2
69;cx_1;type_68;cat_1
70;cx_1;type_69;cat_1
71;cx_1;type_43;cat_2
72;cx_1;type_70;cat_1
73;cx_1;type_71;cat_2
74;cx_1;type_72;cat_1
75;cx_1;type_73;cat_2
76;cx_1;type_74;cat_2
77;cx_1;type_75;cat_1
78;cx_1;type_76;cat_1
79;cx_1;type_77;cat_1
80;cx_1;type_78;cat_1
81;cx_1;type_79;cat_1
82;cx_1;type_80;cat_2
83;cx_1;type_81;cat_1
84;cx_1;type_82;cat_2
85;cx_1;type_83;cat_1
86;cx_1;type_84;cat_1
87;cx_1;type_85;cat_1
88;cx_1;type_86;cat_2
89;cx_1;type_87;cat_1
90;cx_1;type_88;cat_2
91;cx_1;type_89;cat_1
92;cx_1;type_90;cat_1
93;cx_1;type_91;cat_3
94;cx_1;type_88;cat_2
95;cx_1;type_92;cat_2
96;cx_1;type_93;cat_1
97;cx_1;type_94;cat_3
98;cx_1;type_95;cat_4
99;cx_1;type_96;cat_1
100;cx_1;type_97;cat_2
101;cx_1;type_98;cat_1
102;cx_1;type_99;cat_1
103;cx_1;type_100;cat_1
104;cx_1;type_101;cat_2
105;cx_1;type_102;cat_2
106;cx_1;type_103;cat_1
107;cx_1;type_104;cat_1
108;cx_1;type_105;cat_4
109;cx_1;type_106;cat_1
110;cx_1;type_107;cat_2
111;cx_1;type_108;cat_2
112;cx_1;type_109;cat_1
113;cx_1;type_110;cat_2
114;cx_1;type_111;cat_1
115;cx_1;type_112;cat_4
116;cx_1;type_113;cat_2
117;cx_1;type_114;cat_1
118;cx_1;type_115;cat_1
119;cx_1;type_116;cat_1
120;cx_1;type_117;cat_2
121;cx_1;type_118;cat_1
122;cx_1;type_96;cat_1
123;cx_1;type_119;cat_4
124;cx_1;type_120;cat_3
125;cx_1;type_121;cat_4
126;cx_1;type_122;cat_1
127;cx_1;type_123;cat_1
128;cx_1;type_124;cat_1
129;cx_1;type_125;cat_2
130;cx_1;type_89;cat_1
131;cx_1;type_126;cat_2
132;cx_1;type_127;cat_1
133;cx_1;type_50;cat_5
134;cx_1;type_128;cat_1
135;cx_1;type_8;cat_1
136;cx_1;type_129;cat_1
137;cx_1;type_130;cat_4
138;cx_1;type_131;cat_2
139;cx_1;type_132;cat_1
140;cx_1;type_121;cat_1
141;cx_1;type_133;cat_1
142;cx_1;type_134;cat_6
143;cx_1;type_135;cat_2
144;cx_1;type_136;cat_1
145;cx_1;type_137;cat_2
146;cx_1;type_97;cat_2
147;cx_1;type_138;cat_1
148;cx_1;type_139;cat_1
149;cx_1;type_140;cat_4
150;cx_1;type_138;cat_1
151;cx_1;type_141;cat_2
152;cx_1;type_142;cat_1
153;cx_1;type_143;cat_1
154;cx_1;type_144;cat_1
155;cx_1;type_145;cat_2
156;cx_1;type_146;cat_2
157;cx_1;type_3;cat_3
158;cx_1;type_147;cat_1
159;cx_1;type_148;cat_2
160;cx_1;type_149;cat_1
161;cx_1;type_150;cat_2
162;cx_1;type_151;cat_1
163;cx_1;type_152;cat_1
164;cx_1;type_153;cat_2
165;cx_1;type_154;cat_2
166;cx_1;type_155;cat_2
167;cx_1;type_156;cat_2
168;cx_1;type_157;cat_2
169;cx_1;type_158;cat_2
170;cx_1;type_159;cat_2
171;cx_1;type_160;cat_2
172;cx_1;type_91;cat_1
173;cx_1;type_161;cat_2
174;cx_1;type_162;cat_1
175;cx_1;type_163;cat_1
176;cx_1;type_164;cat_2
177;cx_1;type_165;cat_2
178;cx_1;type_166;cat_2
179;cx_1;type_121;cat_1
180;cx_1;type_167;cat_2
181;cx_1;type_168;cat_1
182;cx_1;type_169;cat_1
183;cx_1;type_76;cat_1
184;cx_1;type_170;cat_1
185;cx_1;type_171;cat_1
186;cx_1;type_172;cat_1
187;cx_1;type_173;cat_2
188;cx_1;type_174;cat_2
189;cx_1;type_175;cat_2
190;cx_1;type_163;cat_1
191;cx_1;type_176;cat_1
192;cx_1;type_177;cat_1
193;cx_1;type_178;cat_2
194;cx_1;type_92;cat_2
195;cx_1;type_179;cat_1
196;cx_1;type_180;cat_1
197;cx_1;type_181;cat_1
198;cx_1;type_163;cat_1
199;cx_1;type_95;cat_4
200;cx_1;type_182;cat_2
201;cx_1;type_163;cat_1
202;cx_1;type_183;cat_1
203;cx_1;type_14;cat_1
204;cx_1;type_184;cat_2
205;cx_1;type_24;cat_1
206;cx_1;type_185;cat_2
207;cx_1;type_164;cat_2
208;cx_1;type_186;cat_1
209;cx_1;type_187;cat_1
210;cx_1;type_188;cat_2
211;cx_1;type_189;cat_4
212;cx_1;type_190;cat_2
213;cx_1;type_191;cat_1
214;cx_1;type_192;cat_1
215;cx_1;type_193;cat_1
216;cx_1;type_121;cat_1
217;cx_1;type_194;cat_2
218;cx_1;type_131;cat_2
219;cx_1;type_195;cat_1
220;cx_1;type_196;cat_1
221;cx_1;type_197;cat_2
222;cx_1;type_198;cat_1
223;cx_1;type_199;cat_1
224;cx_1;type_200;cat_1
225;cx_1;type_201;cat_3
226;cx_1;type_170;cat_1
227;cx_1;type_202;cat_2
228;cx_1;type_102;cat_2
229;cx_1;type_203;cat_2
230;cx_1;type_70;cat_1
231;cx_1;type_204;cat_2
232;cx_1;type_179;cat_1
233;cx_1;type_205;cat_1
234;cx_1;type_106;cat_1
235;cx_1;type_206;cat_2
236;cx_1;type_207;cat_1
237;cx_1;type_208;cat_1
238;cx_1;type_209;cat_2
239;cx_1;type_210;cat_1
240;cx_1;type_112;cat_4
241;cx_1;type_211;cat_2
242;cx_1;type_212;cat_2
243;cx_1;type_126;cat_2
244;cx_1;type_213;cat_2
245;cx_1;type_214;cat_1
246;cx_1;type_215;cat_1
247;cx_1;type_92;cat_2
248;cx_1;type_216;cat_6
249;cx_1;type_217;cat_1
250;cx_1;type_218;cat_1
251;cx_1;type_219;cat_2
252;cx_1;type_220;cat_2
253;cx_1;type_170;cat_1
254;cx_1;type_91;cat_1
255;cx_1;type_221;cat_3
256;cx_1;type_222;cat_1
257;cx_1;type_223;cat_2
258;cx_1;type_224;cat_1
259;cx_1;type_23;cat_2
260;cx_1;type_225;cat_1
261;cx_1;type_226;cat_2
262;cx_1;type_227;cat_2
263;cx_1;type_228;cat_1
264;cx_1;type_229;cat_1
265;cx_1;type_230;cat_2
266;cx_1;type_231;cat_2
267;cx_1;type_232;cat_1
268;cx_1;type_233;cat_1
269;cx_1;type_105;cat_4
270;cx_1;type_234;cat_1
271;cx_1;type_235;cat_2
272;cx_1;type_111;cat_1
273;cx_1;type_236;cat_2
274;cx_1;type_237;cat_1
275;cx_1;type_238;cat_2
276;cx_1;type_97;cat_2
277;cx_1;type_239;cat_2
278;cx_1;type_240;cat_1
279;cx_1;type_241;cat_1
280;cx_1;type_242;cat_1
281;cx_1;type_243;cat_1
282;cx_1;type_244;cat_2
283;cx_1;type_102;cat_2
284;cx_1;type_245;cat_2
285;cx_1;type_246;cat_1
286;cx_1;type_247;cat_1
287;cx_1;type_248;cat_2
288;cx_1;type_249;cat_2
289;cx_1;type_250;cat_1
290;cx_1;type_164;cat_2
291;cx_1;type_213;cat_2
292;cx_1;type_251;cat_1
293;cx_1;type_137;cat_2
294;cx_1;type_213;cat_2
295;cx_1;type_104;cat_1
296;cx_1;type_163;cat_1
297;cx_1;type_252;cat_6
298;cx_1;type_253;cat_1
299;cx_1;type_254;cat_1
300;cx_1;type_255;cat_2
301;cx_1;type_256;cat_1
302;cx_1;type_95;cat_4
303;cx_1;type_257;cat_1
304;cx_1;type_258;cat_2
305;cx_1;type_137;cat_2
306;cx_1;type_121;cat_4
307;cx_1;type_259;cat_1
308;cx_1;type_121;cat_1
309;cx_1;type_260;cat_2
310;cx_1;type_261;cat_1
311;cx_1;type_91;cat_1
312;cx_1;type_92;cat_2
313;cx_1;type_262;cat_1
314;cx_1;type_263;cat_5
315;cx_1;type_264;cat_2
316;cx_1;type_265;cat_7
317;cx_1;type_266;cat_1
318;cx_1;type_224;cat_1
319;cx_1;type_253;cat_1
320;cx_1;type_267;cat_1
321;cx_1;type_5;cat_2
322;cx_1;type_89;cat_1
323;cx_1;type_268;cat_2
324;cx_1;type_269;cat_1
325;cx_1;type_270;cat_1
326;cx_1;type_271;cat_2
327;cx_1;type_130;cat_4
328;cx_1;type_272;cat_1
329;cx_1;type_273;cat_1
330;cx_1;type_274;cat_2
331;cx_1;type_275;cat_2
332;cx_1;type_276;cat_2
333;cx_1;type_277;cat_1
334;cx_1;type_278;cat_1
335;cx_1;type_279;cat_1
336;cx_1;type_280;cat_2
337;cx_1;type_281;cat_1
338;cx_1;type_282;cat_1
339;cx_1;type_283;cat_2
340;cx_1;type_284;cat_1
341;cx_1;type_285;cat_1
342;cx_1;type_286;cat_1
343;cx_1;type_287;cat_2
344;cx_1;type_288;cat_2
345;cx_1;type_289;cat_2
346;cx_1;type_290;cat_1
347;cx_1;type_121;cat_4
348;cx_1;type_291;cat_2
349;cx_1;type_292;cat_2
350;cx_1;type_293;cat_1
351;cx_1;type_294;cat_6
352;cx_1;type_295;cat_1
353;cx_1;type_296;cat_1
354;cx_1;type_297;cat_1
355;cx_1;type_298;cat_1
356;cx_1;type_299;cat_1
357;cx_1;type_256;cat_1
358;cx_1;type_300;cat_2
359;cx_1;type_301;cat_1
360;cx_1;type_302;cat_1
361;cx_1;type_303;cat_2
362;cx_1;type_304;cat_1
363;cx_1;type_305;cat_2
364;cx_1;type_306;cat_2
365;cx_1;type_307;cat_1
366;cx_1;type_91;cat_1
367;cx_1;type_308;cat_1
368;cx_1;type_309;cat_2
369;cx_1;type_310;cat_1
370;cx_1;type_311;cat_1
371;cx_1;type_312;cat_2
372;cx_1;type_313;cat_2
373;cx_1;type_314;cat_1
374;cx_1;type_315;cat_1
375;cx_1;type_316;cat_1
376;cx_1;type_317;cat_2
377;cx_1;type_318;cat_1
378;cx_1;type_319;cat_2
379;cx_1;type_320;cat_1
380;cx_1;type_321;cat_2
381;cx_1;type_322;cat_1
382;cx_1;type_323;cat_1
383;cx_1;type_324;cat_2
384;cx_1;type_325;cat_1
385;cx_1;type_292;cat_2
386;cx_1;type_326;cat_2
387;cx_1;type_165;cat_1
388;cx_1;type_113;cat_2
389;cx_1;type_126;cat_2
390;cx_1;type_327;cat_1
391;cx_1;type_328;cat_1
392;cx_1;type_329;cat_2
393;cx_1;type_330;cat_2
394;cx_1;type_331;cat_1
395;cx_1;type_112;cat_4
396;cx_1;type_332;cat_2
397;cx_1;type_333;cat_1
398;cx_1;type_334;cat_1
399;cx_1;type_335;cat_2
400;cx_1;type_336;cat_2
401;cx_2;type_337;cat_2
402;cx_2;type_338;cat_6
403;cx_2;type_339;cat_2
404;cx_2;type_340;cat_2
405;cx_2;type_21;cat_4
406;cx_2;type_341;cat_2
407;cx_2;type_24;cat_1
408;cx_2;type_342;cat_6
409;cx_2;type_136;cat_1
410;cx_2;type_343;cat_1
411;cx_2;type_344;cat_1
412;cx_2;type_183;cat_1
413;cx_2;type_345;cat_1
414;cx_2;type_346;cat_2
415;cx_2;type_318;cat_1
416;cx_2;type_347;cat_1
417;cx_2;type_348;cat_2
418;cx_2;type_105;cat_4
419;cx_2;type_349;cat_2
420;cx_2;type_350;cat_2
421;cx_2;type_351;cat_2
422;cx_2;type_352;cat_1
423;cx_2;type_353;cat_6
424;cx_2;type_354;cat_2
425;cx_2;type_355;cat_6
426;cx_2;type_356;cat_2
427;cx_2;type_357;cat_6
428;cx_2;type_358;cat_1
429;cx_2;type_359;cat_6
430;cx_2;type_360;cat_2
431;cx_2;type_361;cat_6
432;cx_2;type_362;cat_6
433;cx_2;type_363;cat_1
434;cx_2;type_364;cat_6
435;cx_2;type_92;cat_2
436;cx_2;type_365;cat_2
437;cx_2;type_366;cat_1
438;cx_2;type_367;cat_2
439;cx_2;type_368;cat_2
440;cx_2;type_369;cat_6
441;cx_2;type_370;cat_2
442;cx_2;type_371;cat_1
443;cx_2;type_347;cat_2
444;cx_2;type_372;cat_6
445;cx_2;type_347;cat_2
446;cx_2;type_373;cat_2
447;cx_2;type_55;cat_2
448;cx_2;type_374;cat_2
449;cx_2;type_375;cat_6
450;cx_2;type_376;cat_1
451;cx_2;type_377;cat_7
452;cx_2;type_378;cat_2
453;cx_2;type_379;cat_1
454;cx_2;type_380;cat_2
455;cx_2;type_381;cat_1
456;cx_2;type_382;cat_2
457;cx_2;type_383;cat_6
458;cx_2;type_384;cat_2
459;cx_2;type_229;cat_2
460;cx_2;type_155;cat_2
461;cx_2;type_385;cat_1
462;cx_2;type_386;cat_6
463;cx_2;type_131;cat_2
464;cx_2;type_387;cat_1
465;cx_2;type_388;cat_2
466;cx_2;type_389;cat_1
467;cx_2;type_390;cat_2
468;cx_2;type_391;cat_1
469;cx_2;type_392;cat_2
470;cx_2;type_393;cat_2
471;cx_2;type_394;cat_2
472;cx_2;type_395;cat_2
473;cx_2;type_396;cat_6
474;cx_2;type_88;cat_2
475;cx_2;type_397;cat_1
476;cx_2;type_229;cat_2
477;cx_2;type_398;cat_6
478;cx_2;type_399;cat_6
479;cx_2;type_400;cat_2
480;cx_2;type_401;cat_8
481;cx_2;type_402;cat_7
482;cx_2;type_403;cat_1
483;cx_2;type_112;cat_4
484;cx_2;type_404;cat_2
485;cx_2;type_383;cat_6
486;cx_2;type_405;cat_6
487;cx_2;type_406;cat_2
488;cx_2;type_365;cat_2
489;cx_2;type_407;cat_2
490;cx_2;type_21;cat_4
491;cx_2;type_370;cat_2
492;cx_2;type_376;cat_1
493;cx_2;type_408;cat_2
494;cx_2;type_409;cat_1
495;cx_2;type_410;cat_6
496;cx_2;type_37;cat_4
497;cx_2;type_411;cat_6
498;cx_2;type_412;cat_1
499;cx_2;type_413;cat_2
500;cx_2;type_105;cat_4
501;cx_2;type_412;cat_1
502;cx_2;type_414;cat_2
503;cx_2;type_415;cat_2
504;cx_2;type_416;cat_2
505;cx_2;type_417;cat_2
506;cx_2;type_418;cat_6
507;cx_2;type_386;cat_6
508;cx_2;type_419;cat_1
509;cx_2;type_420;cat_4
510;cx_2;type_421;cat_2
511;cx_2;type_422;cat_6
512;cx_2;type_400;cat_2
513;cx_2;type_240;cat_1
514;cx_2;type_423;cat_2
515;cx_2;type_424;cat_2
516;cx_2;type_425;cat_2
517;cx_2;type_426;cat_1
518;cx_2;type_427;cat_2
519;cx_2;type_428;cat_2
520;cx_2;type_429;cat_1
521;cx_2;type_430;cat_2
522;cx_2;type_431;cat_2
523;cx_2;type_432;cat_1
524;cx_2;type_433;cat_2
525;cx_2;type_434;cat_6
526;cx_2;type_435;cat_2
527;cx_2;type_436;cat_2
528;cx_2;type_365;cat_2
529;cx_2;type_437;cat_2
530;cx_2;type_438;cat_6
531;cx_2;type_439;cat_2
532;cx_2;type_390;cat_2
533;cx_2;type_440;cat_6
534;cx_2;type_441;cat_2
535;cx_2;type_442;cat_2
536;cx_2;type_443;cat_1
537;cx_2;type_444;cat_6
538;cx_2;type_445;cat_2
539;cx_2;type_446;cat_2
540;cx_2;type_447;cat_2
541;cx_2;type_157;cat_2
542;cx_2;type_25;cat_1
543;cx_2;type_448;cat_2
544;cx_2;type_449;cat_2
545;cx_2;type_184;cat_2
546;cx_2;type_121;cat_1
547;cx_2;type_409;cat_1
548;cx_2;type_450;cat_2
549;cx_2;type_451;cat_2
550;cx_2;type_449;cat_2
551;cx_2;type_452;cat_1
552;cx_2;type_390;cat_2
553;cx_2;type_453;cat_1
554;cx_2;type_380;cat_2
555;cx_2;type_454;cat_2
556;cx_2;type_347;cat_2
557;cx_2;type_455;cat_6
558;cx_2;type_258;cat_2
559;cx_2;type_456;cat_1
560;cx_2;type_457;cat_2
561;cx_2;type_458;cat_2
562;cx_2;type_459;cat_2
563;cx_2;type_436;cat_2
564;cx_2;type_360;cat_2
565;cx_2;type_460;cat_2
566;cx_2;type_461;cat_2
567;cx_2;type_462;cat_1
568;cx_2;type_463;cat_2
569;cx_2;type_464;cat_2
570;cx_2;type_465;cat_2
571;cx_2;type_466;cat_2
572;cx_2;type_467;cat_6
573;cx_2;type_468;cat_1
574;cx_2;type_382;cat_2
575;cx_2;type_469;cat_2
576;cx_2;type_384;cat_2
577;cx_2;type_470;cat_3
578;cx_2;type_415;cat_2
579;cx_2;type_309;cat_2
580;cx_2;type_376;cat_1
581;cx_2;type_258;cat_2
582;cx_2;type_471;cat_1
583;cx_2;type_472;cat_1
584;cx_2;type_473;cat_6
585;cx_2;type_474;cat_2
586;cx_2;type_475;cat_1
587;cx_2;type_476;cat_2
588;cx_2;type_477;cat_6
589;cx_2;type_478;cat_2
590;cx_2;type_101;cat_2
591;cx_2;type_286;cat_1
592;cx_2;type_479;cat_2
593;cx_2;type_332;cat_2
594;cx_2;type_480;cat_6
595;cx_2;type_481;cat_1
596;cx_2;type_482;cat_2
597;cx_2;type_483;cat_2
598;cx_2;type_390;cat_2
599;cx_2;type_484;cat_4
600;cx_2;type_351;cat_2
601;cx_2;type_344;cat_1
602;cx_2;type_415;cat_2
603;cx_2;type_485;cat_6
604;cx_2;type_486;cat_2
605;cx_2;type_460;cat_2
606;cx_2;type_421;cat_2
607;cx_2;type_487;cat_2
608;cx_2;type_488;cat_1
609;cx_2;type_489;cat_6
610;cx_2;type_490;cat_2
611;cx_2;type_131;cat_2
612;cx_2;type_245;cat_2
613;cx_2;type_491;cat_1
614;cx_2;type_365;cat_2
615;cx_2;type_492;cat_6
616;cx_2;type_493;cat_6
617;cx_2;type_390;cat_2
618;cx_2;type_406;cat_2
619;cx_2;type_494;cat_2
620;cx_2;type_495;cat_6
621;cx_2;type_496;cat_2
622;cx_2;type_406;cat_2
623;cx_2;type_497;cat_2
624;cx_2;type_498;cat_1
625;cx_2;type_499;cat_1
626;cx_2;type_500;cat_2
627;cx_2;type_501;cat_2
628;cx_2;type_502;cat_2
629;cx_2;type_436;cat_2
630;cx_2;type_503;cat_6
631;cx_2;type_365;cat_2
632;cx_2;type_504;cat_2
633;cx_2;type_316;cat_1
634;cx_2;type_505;cat_1
635;cx_2;type_506;cat_1
636;cx_2;type_105;cat_4
637;cx_2;type_347;cat_2
638;cx_2;type_105;cat_4
639;cx_2;type_415;cat_2
640;cx_2;type_507;cat_1
641;cx_2;type_501;cat_2
642;cx_2;type_508;cat_6
643;cx_2;type_509;cat_6
644;cx_2;type_510;cat_1
645;cx_2;type_377;cat_7
646;cx_2;type_511;cat_1
647;cx_2;type_283;cat_2
648;cx_2;type_512;cat_2
649;cx_2;type_513;cat_1
650;cx_2;type_514;cat_2
651;cx_2;type_515;cat_2
652;cx_2;type_516;cat_2
653;cx_2;type_517;cat_6
654;cx_2;type_268;cat_2
655;cx_2;type_518;cat_1
656;cx_2;type_376;cat_1
657;cx_2;type_157;cat_2
658;cx_2;type_519;cat_2
659;cx_2;type_357;cat_6
660;cx_2;type_520;cat_2
661;cx_2;type_402;cat_2
662;cx_2;type_521;cat_1
663;cx_2;type_376;cat_1
664;cx_2;type_376;cat_1
665;cx_2;type_444;cat_6
666;cx_2;type_522;cat_2
667;cx_2;type_523;cat_1
668;cx_2;type_524;cat_6
669;cx_2;type_525;cat_1
670;cx_2;type_526;cat_1
671;cx_2;type_527;cat_2
672;cx_2;type_528;cat_2
673;cx_2;type_529;cat_1
674;cx_2;type_530;cat_6
675;cx_2;type_531;cat_2
676;cx_2;type_532;cat_2
677;cx_2;type_533;cat_2
678;cx_2;type_534;cat_2
679;cx_2;type_501;cat_2
680;cx_2;type_170;cat_1
681;cx_2;type_535;cat_2
682;cx_2;type_377;cat_2
683;cx_2;type_536;cat_6
684;cx_2;type_415;cat_2
685;cx_2;type_235;cat_2
686;cx_2;type_362;cat_6
687;cx_2;type_537;cat_2
688;cx_2;type_538;cat_1
689;cx_2;type_295;cat_1
690;cx_2;type_157;cat_2
691;cx_2;type_539;cat_2
692;cx_2;type_540;cat_2
693;cx_2;type_377;cat_2
694;cx_2;type_541;cat_2
695;cx_2;type_542;cat_2
696;cx_2;type_543;cat_2
697;cx_2;type_544;cat_1
698;cx_2;type_504;cat_2
699;cx_2;type_484;cat_4
700;cx_2;type_353;cat_6
701;cx_2;type_545;cat_1
702;cx_2;type_376;cat_1
703;cx_2;type_49;cat_2
704;cx_2;type_531;cat_2
705;cx_2;type_546;cat_2
706;cx_2;type_547;cat_2
707;cx_2;type_548;cat_6
708;cx_2;type_549;cat_6
709;cx_2;type_402;cat_7
710;cx_2;type_376;cat_1
711;cx_2;type_550;cat_2
712;cx_2;type_551;cat_6
713;cx_2;type_552;cat_1
714;cx_2;type_553;cat_2
715;cx_2;type_360;cat_2
716;cx_2;type_121;cat_1
717;cx_2;type_554;cat_1
718;cx_2;type_555;cat_2
719;cx_2;type_556;cat_1
720;cx_2;type_454;cat_2
721;cx_2;type_390;cat_2
722;cx_2;type_557;cat_1
723;cx_2;type_558;cat_6
724;cx_2;type_559;cat_2
725;cx_2;type_560;cat_1
726;cx_2;type_561;cat_1
727;cx_2;type_444;cat_6
728;cx_2;type_562;cat_2
729;cx_2;type_376;cat_1
730;cx_2;type_390;cat_2
731;cx_2;type_17;cat_2
732;cx_2;type_367;cat_2
733;cx_2;type_563;cat_2
734;cx_2;type_564;cat_1
735;cx_2;type_565;cat_6
736;cx_2;type_142;cat_1
737;cx_2;type_566;cat_2
738;cx_2;type_490;cat_2
739;cx_2;type_567;cat_1
740;cx_2;type_351;cat_2
741;cx_2;type_568;cat_2
742;cx_2;type_569;cat_1
743;cx_2;type_390;cat_2
744;cx_2;type_570;cat_6
745;cx_2;type_571;cat_6
746;cx_2;type_100;cat_1
747;cx_2;type_572;cat_2
748;cx_2;type_573;cat_2
749;cx_2;type_377;cat_7
750;cx_2;type_574;cat_6
751;cx_2;type_522;cat_2
752;cx_2;type_575;cat_1
753;cx_2;type_153;cat_2
754;cx_2;type_501;cat_2
755;cx_2;type_382;cat_2
756;cx_2;type_576;cat_1
757;cx_2;type_577;cat_2
758;cx_2;type_578;cat_2
759;cx_2;type_112;cat_4
760;cx_2;type_185;cat_2
761;cx_2;type_579;cat_2
762;cx_2;type_580;cat_1
763;cx_2;type_581;cat_2
764;cx_2;type_383;cat_6
765;cx_2;type_112;cat_4
766;cx_2;type_582;cat_6
767;cx_2;type_583;cat_6
768;cx_2;type_519;cat_2
769;cx_2;type_376;cat_1
770;cx_2;type_584;cat_6
771;cx_2;type_585;cat_2
772;cx_2;type_586;cat_2
773;cx_2;type_517;cat_6
774;cx_2;type_408;cat_2
775;cx_2;type_587;cat_2
776;cx_2;type_531;cat_2
777;cx_2;type_588;cat_2
778;cx_2;type_583;cat_6
779;cx_2;type_589;cat_6
780;cx_2;type_590;cat_2
781;cx_2;type_591;cat_2
782;cx_2;type_592;cat_6
783;cx_2;type_25;cat_1
784;cx_2;type_593;cat_1
785;cx_2;type_121;cat_4
786;cx_2;type_404;cat_2
787;cx_2;type_415;cat_2
788;cx_2;type_88;cat_2
789;cx_2;type_594;cat_2
790;cx_2;type_595;cat_2
791;cx_2;type_238;cat_2
792;cx_2;type_596;cat_2
793;cx_2;type_597;cat_2
794;cx_2;type_598;cat_2
795;cx_2;type_599;cat_2
796;cx_2;type_600;cat_2
797;cx_2;type_601;cat_6
798;cx_2;type_602;cat_2
799;cx_2;type_603;cat_2
800;cx_2;type_604;cat_6
801;cx_3;type_605;cat_2
802;cx_3;type_606;cat_2
803;cx_3;type_606;cat_2
804;cx_3;type_607;cat_6
805;cx_3;type_608;cat_6
806;cx_3;type_609;cat_6
807;cx_3;type_610;cat_6
808;cx_3;type_611;cat_2
809;cx_3;type_606;cat_2
810;cx_3;type_612;cat_6
811;cx_3;type_613;cat_6
812;cx_3;type_607;cat_6
813;cx_3;type_614;cat_6
814;cx_3;type_605;cat_2
815;cx_3;type_613;cat_6
816;cx_3;type_611;cat_2
817;cx_3;type_606;cat_2
818;cx_3;type_605;cat_2
819;cx_3;type_615;cat_6
820;cx_3;type_605;cat_2
821;cx_3;type_606;cat_2
822;cx_3;type_611;cat_2
823;cx_3;type_616;cat_7
824;cx_3;type_617;cat_6
825;cx_3;type_611;cat_2
826;cx_3;type_611;cat_2
827;cx_3;type_606;cat_2
828;cx_3;type_618;cat_6
829;cx_3;type_605;cat_2
830;cx_3;type_606;cat_2
831;cx_3;type_619;cat_6
832;cx_3;type_605;cat_2
833;cx_3;type_605;cat_2
834;cx_3;type_620;cat_6
835;cx_3;type_606;cat_2
836;cx_3;type_621;cat_6
837;cx_3;type_606;cat_2
838;cx_3;type_605;cat_2
839;cx_3;type_622;cat_6
840;cx_3;type_611;cat_2
841;cx_3;type_620;cat_6
842;cx_3;type_623;cat_6
843;cx_3;type_624;cat_6
844;cx_3;type_625;cat_6
845;cx_3;type_605;cat_2
846;cx_3;type_626;cat_6
847;cx_3;type_605;cat_2
848;cx_3;type_627;cat_2
849;cx_3;type_628;cat_6
850;cx_3;type_629;cat_6
851;cx_3;type_605;cat_2
852;cx_3;type_621;cat_6
853;cx_3;type_630;cat_6
854;cx_3;type_605;cat_2
855;cx_3;type_620;cat_6
856;cx_3;type_605;cat_2
857;cx_3;type_631;cat_6
858;cx_3;type_606;cat_2
859;cx_3;type_605;cat_2
860;cx_3;type_605;cat_2
861;cx_3;type_632;cat_6
862;cx_3;type_633;cat_6
863;cx_3;type_634;cat_6
864;cx_3;type_606;cat_2
865;cx_3;type_611;cat_2
866;cx_3;type_620;cat_6
867;cx_3;type_605;cat_2
868;cx_3;type_605;cat_2
869;cx_3;type_606;cat_2
870;cx_3;type_619;cat_6
871;cx_3;type_620;cat_6
872;cx_3;type_605;cat_2
873;cx_3;type_605;cat_2
874;cx_3;type_613;cat_6
875;cx_3;type_605;cat_2
876;cx_3;type_605;cat_2
877;cx_3;type_605;cat_2
878;cx_3;type_618;cat_6
879;cx_3;type_635;cat_2
880;cx_3;type_611;cat_2
881;cx_3;type_627;cat_2
882;cx_3;type_605;cat_2
883;cx_3;type_605;cat_2
884;cx_3;type_636;cat_6
885;cx_3;type_605;cat_2
886;cx_3;type_617;cat_6
887;cx_3;type_630;cat_6
888;cx_3;type_606;cat_2
889;cx_3;type_606;cat_2
890;cx_3;type_611;cat_2
891;cx_3;type_637;cat_6
892;cx_3;type_638;cat_6
893;cx_3;type_611;cat_2
894;cx_3;type_627;cat_2
895;cx_3;type_639;cat_6
896;cx_3;type_605;cat_2
897;cx_3;type_618;cat_6
898;cx_3;type_640;cat_6
899;cx_3;type_613;cat_6
900;cx_3;type_605;cat_2
901;cx_3;type_641;cat_6
902;cx_3;type_642;cat_6
903;cx_3;type_621;cat_6
904;cx_3;type_643;cat_6
905;cx_3;type_605;cat_2
906;cx_3;type_620;cat_6
907;cx_3;type_605;cat_2
908;cx_3;type_627;cat_2
909;cx_3;type_611;cat_2
910;cx_3;type_605;cat_2
911;cx_3;type_644;cat_6
912;cx_3;type_645;cat_6
913;cx_3;type_605;cat_2
914;cx_3;type_605;cat_2
915;cx_3;type_611;cat_2
916;cx_3;type_646;cat_1
917;cx_3;type_613;cat_6
918;cx_3;type_613;cat_6
919;cx_3;type_605;cat_2
920;cx_3;type_611;cat_2
921;cx_3;type_605;cat_2
922;cx_3;type_605;cat_2
923;cx_3;type_611;cat_2
924;cx_3;type_605;cat_2
925;cx_3;type_620;cat_6
926;cx_3;type_647;cat_6
927;cx_3;type_648;cat_6
928;cx_3;type_605;cat_2
929;cx_3;type_649;cat_6
930;cx_3;type_635;cat_2
931;cx_3;type_605;cat_2
932;cx_3;type_620;cat_6
933;cx_3;type_611;cat_2
934;cx_3;type_650;cat_2
935;cx_3;type_605;cat_2
936;cx_3;type_632;cat_6
937;cx_3;type_606;cat_2
938;cx_3;type_606;cat_2
939;cx_3;type_651;cat_6
940;cx_3;type_652;cat_6
941;cx_3;type_609;cat_6
942;cx_3;type_613;cat_6
943;cx_3;type_606;cat_2
944;cx_3;type_613;cat_6
945;cx_3;type_605;cat_2
946;cx_3;type_613;cat_6
947;cx_3;type_605;cat_2
948;cx_3;type_605;cat_2
949;cx_3;type_611;cat_2
950;cx_3;type_605;cat_2
951;cx_3;type_606;cat_2
952;cx_3;type_653;cat_6
953;cx_3;type_605;cat_2
954;cx_3;type_654;cat_6
955;cx_3;type_611;cat_2
956;cx_3;type_623;cat_6
957;cx_3;type_625;cat_6
958;cx_3;type_655;cat_6
959;cx_3;type_605;cat_2
960;cx_3;type_627;cat_2
961;cx_3;type_611;cat_2
962;cx_3;type_606;cat_2
963;cx_3;type_605;cat_2
964;cx_3;type_656;cat_6
965;cx_3;type_657;cat_6
966;cx_3;type_658;cat_6
967;cx_3;type_627;cat_2
968;cx_3;type_627;cat_2
969;cx_3;type_606;cat_2
970;cx_3;type_605;cat_2
971;cx_3;type_605;cat_2
972;cx_3;type_605;cat_2
973;cx_3;type_605;cat_2
974;cx_3;type_605;cat_2
975;cx_3;type_605;cat_2
976;cx_3;type_606;cat_2
977;cx_3;type_606;cat_2
978;cx_3;type_659;cat_6
979;cx_3;type_660;cat_6
980;cx_3;type_611;cat_2
981;cx_3;type_613;cat_6
982;cx_3;type_606;cat_2
983;cx_3;type_605;cat_2
984;cx_3;type_605;cat_2
985;cx_3;type_655;cat_6
986;cx_3;type_620;cat_6
987;cx_3;type_606;cat_2
988;cx_3;type_611;cat_2
989;cx_3;type_607;cat_6
990;cx_3;type_630;cat_6
991;cx_3;type_605;cat_2
992;cx_3;type_607;cat_6
993;cx_3;type_613;cat_6
994;cx_3;type_605;cat_2
995;cx_3;type_611;cat_2
996;cx_3;type_611;cat_2
997;cx_3;type_605;cat_2
998;cx_3;type_632;cat_6
999;cx_3;type_611;cat_2
1000;cx_3;type_630;cat_6
1001;cx_3;type_620;cat_6
1002;cx_3;type_630;cat_6
1003;cx_3;type_661;cat_6
1004;cx_3;type_606;cat_2
1005;cx_3;type_605;cat_2
1006;cx_3;type_605;cat_2
1007;cx_3;type_605;cat_2
1008;cx_3;type_611;cat_2
1009;cx_3;type_606;cat_2
1010;cx_3;type_605;cat_2
1011;cx_3;type_662;cat_2
1012;cx_3;type_627;cat_2
1013;cx_3;type_613;cat_6
1014;cx_3;type_606;cat_2
1015;cx_3;type_618;cat_6
1016;cx_3;type_606;cat_2
1017;cx_3;type_605;cat_2
1018;cx_3;type_611;cat_2
1019;cx_3;type_605;cat_2
1020;cx_3;type_607;cat_6
1021;cx_3;type_663;cat_6
1022;cx_3;type_664;cat_1
1023;cx_3;type_665;cat_6
1024;cx_3;type_627;cat_2
1025;cx_3;type_605;cat_2
1026;cx_3;type_666;cat_6
1027;cx_3;type_611;cat_2
1028;cx_3;type_606;cat_2
1029;cx_3;type_605;cat_2
1030;cx_3;type_605;cat_2
1031;cx_3;type_620;cat_6
1032;cx_3;type_667;cat_6
1033;cx_3;type_605;cat_2
1034;cx_3;type_606;cat_2
1035;cx_3;type_605;cat_2
1036;cx_3;type_620;cat_6
1037;cx_3;type_605;cat_2
1038;cx_3;type_605;cat_2
1039;cx_3;type_668;cat_6
1040;cx_3;type_605;cat_2
1041;cx_3;type_605;cat_2
1042;cx_3;type_627;cat_2
1043;cx_3;type_620;cat_6
1044;cx_3;type_669;cat_6
1045;cx_3;type_670;cat_6
1046;cx_3;type_606;cat_2
1047;cx_3;type_621;cat_6
1048;cx_3;type_671;cat_6
1049;cx_3;type_605;cat_2
1050;cx_3;type_672;cat_6
1051;cx_3;type_668;cat_6
1052;cx_3;type_627;cat_2
1053;cx_3;type_630;cat_6
1054;cx_3;type_613;cat_6
1055;cx_3;type_118;cat_1
1056;cx_3;type_606;cat_2
1057;cx_3;type_605;cat_2
1058;cx_3;type_605;cat_2
1059;cx_3;type_611;cat_2
1060;cx_3;type_605;cat_2
1061;cx_3;type_605;cat_2
1062;cx_3;type_630;cat_6
1063;cx_3;type_613;cat_6
1064;cx_3;type_613;cat_6
1065;cx_3;type_632;cat_6
1066;cx_3;type_673;cat_6
1067;cx_3;type_605;cat_2
1068;cx_3;type_606;cat_2
1069;cx_3;type_655;cat_6
1070;cx_3;type_674;cat_6
1071;cx_3;type_606;cat_2
1072;cx_3;type_605;cat_2
1073;cx_3;type_675;cat_6
1074;cx_3;type_676;cat_6
1075;cx_3;type_630;cat_6
1076;cx_3;type_677;cat_6
1077;cx_3;type_642;cat_6
1078;cx_3;type_620;cat_6
1079;cx_3;type_627;cat_2
1080;cx_3;type_613;cat_6
1081;cx_3;type_611;cat_2
1082;cx_3;type_611;cat_2
1083;cx_3;type_678;cat_2
1084;cx_3;type_606;cat_2
1085;cx_3;type_632;cat_6
1086;cx_3;type_605;cat_2
1087;cx_3;type_645;cat_6
1088;cx_3;type_679;cat_6
1089;cx_3;type_606;cat_2
1090;cx_3;type_611;cat_2
1091;cx_3;type_613;cat_6
1092;cx_3;type_680;cat_6
1093;cx_3;type_605;cat_2
1094;cx_3;type_627;cat_2
1095;cx_3;type_606;cat_2
1096;cx_3;type_620;cat_6
1097;cx_3;type_620;cat_6
1098;cx_3;type_605;cat_2
1099;cx_3;type_662;cat_2
1100;cx_3;type_681;cat_6
1101;cx_3;type_682;cat_6
1102;cx_3;type_605;cat_2
1103;cx_3;type_613;cat_6
1104;cx_3;type_683;cat_6
1105;cx_3;type_684;cat_6
1106;cx_3;type_685;cat_6
1107;cx_3;type_605;cat_2
1108;cx_3;type_686;cat_6
1109;cx_3;type_613;cat_6
1110;cx_3;type_606;cat_2
1111;cx_3;type_611;cat_2
1112;cx_3;type_611;cat_2
1113;cx_3;type_605;cat_2
1114;cx_3;type_611;cat_2
1115;cx_3;type_620;cat_6
1116;cx_3;type_628;cat_6
1117;cx_3;type_687;cat_6
1118;cx_3;type_611;cat_2
1119;cx_3;type_606;cat_2
1120;cx_3;type_606;cat_2
1121;cx_3;type_605;cat_2
1122;cx_3;type_613;cat_6
1123;cx_3;type_627;cat_2
1124;cx_3;type_635;cat_2
1125;cx_3;type_611;cat_2
1126;cx_3;type_688;cat_6
1127;cx_3;type_613;cat_6
1128;cx_3;type_582;cat_6
1129;cx_3;type_627;cat_2
1130;cx_3;type_689;cat_6
1131;cx_3;type_605;cat_2
1132;cx_3;type_605;cat_2
1133;cx_3;type_605;cat_2
1134;cx_3;type_663;cat_6
1135;cx_3;type_613;cat_6
1136;cx_3;type_605;cat_2
1137;cx_3;type_611;cat_2
1138;cx_3;type_625;cat_6
1139;cx_3;type_690;cat_6
1140;cx_3;type_610;cat_6
1141;cx_3;type_690;cat_6
1142;cx_3;type_691;cat_6
1143;cx_3;type_607;cat_6
1144;cx_3;type_605;cat_2
1145;cx_3;type_692;cat_6
1146;cx_3;type_620;cat_6
1147;cx_3;type_630;cat_6
1148;cx_3;type_607;cat_6
1149;cx_3;type_693;cat_6
1150;cx_3;type_605;cat_2
1151;cx_3;type_605;cat_2
1152;cx_3;type_694;cat_6
1153;cx_3;type_688;cat_6
1154;cx_3;type_611;cat_2
1155;cx_3;type_695;cat_6
1156;cx_3;type_605;cat_2
1157;cx_3;type_605;cat_2
1158;cx_3;type_696;cat_6
1159;cx_3;type_620;cat_6
1160;cx_3;type_605;cat_2
1161;cx_3;type_611;cat_2
1162;cx_3;type_621;cat_6
1163;cx_3;type_611;cat_2
1164;cx_3;type_630;cat_6
1165;cx_3;type_605;cat_2
1166;cx_3;type_623;cat_6
1167;cx_3;type_605;cat_2
1168;cx_3;type_697;cat_6
1169;cx_3;type_698;cat_6
1170;cx_3;type_610;cat_6
1171;cx_3;type_627;cat_2
1172;cx_3;type_605;cat_2
1173;cx_3;type_611;cat_2
1174;cx_3;type_605;cat_2
1175;cx_3;type_620;cat_6
1176;cx_3;type_623;cat_6
1177;cx_3;type_699;cat_6
1178;cx_3;type_605;cat_2
1179;cx_3;type_627;cat_2
1180;cx_3;type_606;cat_2
1181;cx_3;type_700;cat_6
1182;cx_3;type_701;cat_6
1183;cx_3;type_606;cat_2
1184;cx_3;type_702;cat_6
1185;cx_3;type_605;cat_2
1186;cx_3;type_617;cat_6
1187;cx_3;type_655;cat_6
1188;cx_3;type_703;cat_6
1189;cx_3;type_704;cat_6
1190;cx_3;type_668;cat_6
1191;cx_3;type_611;cat_2
1192;cx_3;type_605;cat_2
1193;cx_3;type_620;cat_6
1194;cx_3;type_705;cat_6
1195;cx_3;type_606;cat_2
1196;cx_3;type_621;cat_6
1197;cx_3;type_606;cat_2
1198;cx_3;type_606;cat_2
1199;cx_3;type_605;cat_2
1200;cx_3;type_605;cat_2
1201;cx_4;type_706;cat_6
1202;cx_4;type_707;cat_2
1203;cx_4;type_708;cat_6
1204;cx_4;type_709;cat_6
1205;cx_4;type_710;cat_2
1206;cx_4;type_708;cat_6
1207;cx_4;type_706;cat_6
1208;cx_4;type_711;cat_2
1209;cx_4;type_712;cat_1
1210;cx_4;type_708;cat_6
1211;cx_4;type_713;cat_2
1212;cx_4;type_714;cat_1
1213;cx_4;type_715;cat_2
1214;cx_4;type_38;cat_2
1215;cx_4;type_716;cat_2
1216;cx_4;type_717;cat_6
1217;cx_4;type_718;cat_6
1218;cx_4;type_719;cat_2
1219;cx_4;type_720;cat_2
1220;cx_4;type_721;cat_2
1221;cx_4;type_97;cat_2
1222;cx_4;type_722;cat_1
1223;cx_4;type_723;cat_1
1224;cx_4;type_724;cat_1
1225;cx_4;type_108;cat_2
1226;cx_4;type_725;cat_6
1227;cx_4;type_108;cat_2
1228;cx_4;type_708;cat_6
1229;cx_4;type_726;cat_2
1230;cx_4;type_74;cat_2
1231;cx_4;type_708;cat_6
1232;cx_4;type_708;cat_6
1233;cx_4;type_708;cat_6
1234;cx_4;type_219;cat_2
1235;cx_4;type_727;cat_2
1236;cx_4;type_708;cat_6
1237;cx_4;type_708;cat_6
1238;cx_4;type_728;cat_1
1239;cx_4;type_729;cat_1
1240;cx_4;type_730;cat_2
1241;cx_4;type_708;cat_6
1242;cx_4;type_108;cat_2
1243;cx_4;type_731;cat_1
1244;cx_4;type_97;cat_2
1245;cx_4;type_732;cat_2
1246;cx_4;type_733;cat_1
1247;cx_4;type_734;cat_2
1248;cx_4;type_708;cat_6
1249;cx_4;type_597;cat_2
1250;cx_4;type_735;cat_1
1251;cx_4;type_736;cat_2
1252;cx_4;type_708;cat_6
1253;cx_4;type_737;cat_6
1254;cx_4;type_738;cat_3
1255;cx_4;type_739;cat_1
1256;cx_4;type_708;cat_6
1257;cx_4;type_740;cat_3
1258;cx_4;type_708;cat_6
1259;cx_4;type_741;cat_1
1260;cx_4;type_726;cat_2
1261;cx_4;type_742;cat_6
1262;cx_4;type_743;cat_2
1263;cx_4;type_708;cat_6
1264;cx_4;type_708;cat_6
1265;cx_4;type_708;cat_6
1266;cx_4;type_744;cat_6
1267;cx_4;type_745;cat_2
1268;cx_4;type_97;cat_2
1269;cx_4;type_746;cat_2
1270;cx_4;type_708;cat_6
1271;cx_4;type_747;cat_1
1272;cx_4;type_708;cat_6
1273;cx_4;type_708;cat_6
1274;cx_4;type_748;cat_6
1275;cx_4;type_749;cat_6
1276;cx_4;type_97;cat_2
1277;cx_4;type_750;cat_2
1278;cx_4;type_751;cat_1
1279;cx_4;type_752;cat_2
1280;cx_4;type_693;cat_6
1281;cx_4;type_753;cat_3
1282;cx_4;type_754;cat_1
1283;cx_4;type_706;cat_6
1284;cx_4;type_155;cat_2
1285;cx_4;type_755;cat_1
1286;cx_4;type_108;cat_2
1287;cx_4;type_708;cat_6
1288;cx_4;type_756;cat_2
1289;cx_4;type_757;cat_2
1290;cx_4;type_758;cat_2
1291;cx_4;type_708;cat_6
1292;cx_4;type_265;cat_7
1293;cx_4;type_759;cat_6
1294;cx_4;type_760;cat_6
1295;cx_4;type_761;cat_6
1296;cx_4;type_762;cat_6
1297;cx_4;type_763;cat_6
1298;cx_4;type_764;cat_3
1299;cx_4;type_765;cat_2
1300;cx_4;type_97;cat_2
1301;cx_4;type_766;cat_3
1302;cx_4;type_767;cat_1
1303;cx_4;type_672;cat_6
1304;cx_4;type_768;cat_3
1305;cx_4;type_746;cat_2
1306;cx_4;type_708;cat_6
1307;cx_4;type_97;cat_2
1308;cx_4;type_769;cat_6
1309;cx_4;type_97;cat_2
1310;cx_4;type_770;cat_3
1311;cx_4;type_771;cat_1
1312;cx_4;type_767;cat_3
1313;cx_4;type_97;cat_2
1314;cx_4;type_772;cat_6
1315;cx_4;type_708;cat_6
1316;cx_4;type_745;cat_2
1317;cx_4;type_773;cat_1
1318;cx_4;type_711;cat_2
1319;cx_4;type_708;cat_6
1320;cx_4;type_774;cat_2
1321;cx_4;type_775;cat_3
1322;cx_4;type_776;cat_2
1323;cx_4;type_708;cat_6
1324;cx_4;type_777;cat_6
1325;cx_4;type_706;cat_6
1326;cx_4;type_778;cat_3
1327;cx_4;type_779;cat_2
1328;cx_4;type_780;cat_1
1329;cx_4;type_781;cat_6
1330;cx_4;type_782;cat_3
1331;cx_4;type_783;cat_1
1332;cx_4;type_708;cat_6
1333;cx_4;type_706;cat_6
1334;cx_4;type_784;cat_1
1335;cx_4;type_785;cat_6
1336;cx_4;type_708;cat_6
1337;cx_4;type_786;cat_2
1338;cx_4;type_708;cat_6
1339;cx_4;type_97;cat_2
1340;cx_4;type_708;cat_6
1341;cx_4;type_708;cat_6
1342;cx_4;type_708;cat_6
1343;cx_4;type_787;cat_3
1344;cx_4;type_155;cat_2
1345;cx_4;type_788;cat_2
1346;cx_4;type_789;cat_1
1347;cx_4;type_790;cat_3
1348;cx_4;type_720;cat_2
1349;cx_4;type_791;cat_6
1350;cx_4;type_219;cat_2
1351;cx_4;type_708;cat_6
1352;cx_4;type_97;cat_2
1353;cx_4;type_708;cat_6
1354;cx_4;type_792;cat_1
1355;cx_4;type_708;cat_6
1356;cx_4;type_793;cat_2
1357;cx_4;type_767;cat_3
1358;cx_4;type_794;cat_2
1359;cx_4;type_795;cat_2
1360;cx_4;type_796;cat_3
1361;cx_4;type_708;cat_6
1362;cx_4;type_708;cat_6
1363;cx_4;type_97;cat_2
1364;cx_4;type_219;cat_2
1365;cx_4;type_797;cat_1
1366;cx_4;type_706;cat_6
1367;cx_4;type_798;cat_2
1368;cx_4;type_766;cat_3
1369;cx_4;type_799;cat_2
1370;cx_4;type_770;cat_3
1371;cx_4;type_718;cat_6
1372;cx_4;type_800;cat_2
1373;cx_4;type_721;cat_2
1374;cx_4;type_740;cat_3
1375;cx_4;type_708;cat_6
1376;cx_4;type_801;cat_1
1377;cx_4;type_802;cat_6
1378;cx_4;type_803;cat_2
1379;cx_4;type_51;cat_2
1380;cx_4;type_711;cat_2
1381;cx_4;type_708;cat_6
1382;cx_4;type_804;cat_2
1383;cx_4;type_219;cat_2
1384;cx_4;type_805;cat_1
1385;cx_4;type_708;cat_6
1386;cx_4;type_708;cat_6
1387;cx_4;type_708;cat_6
1388;cx_4;type_706;cat_6
1389;cx_4;type_806;cat_1
1390;cx_4;type_807;cat_3
1391;cx_4;type_782;cat_3
1392;cx_4;type_97;cat_2
1393;cx_4;type_97;cat_2
1394;cx_4;type_708;cat_6
1395;cx_4;type_97;cat_2
1396;cx_4;type_219;cat_2
1397;cx_4;type_808;cat_2
1398;cx_4;type_97;cat_2
1399;cx_4;type_809;cat_6
1400;cx_4;type_810;cat_3
1401;cx_4;type_708;cat_6
1402;cx_4;type_708;cat_6
1403;cx_4;type_708;cat_6
1404;cx_4;type_708;cat_6
1405;cx_4;type_706;cat_6
1406;cx_4;type_811;cat_2
1407;cx_4;type_706;cat_6
1408;cx_4;type_708;cat_6
1409;cx_4;type_708;cat_6
1410;cx_4;type_708;cat_6
1411;cx_4;type_708;cat_6
1412;cx_4;type_812;cat_3
1413;cx_4;type_708;cat_6
1414;cx_4;type_97;cat_2
1415;cx_4;type_813;cat_2
1416;cx_4;type_814;cat_2
1417;cx_4;type_642;cat_6
1418;cx_4;type_815;cat_6
1419;cx_4;type_97;cat_2
1420;cx_4;type_708;cat_6
1421;cx_4;type_708;cat_6
1422;cx_4;type_816;cat_1
1423;cx_4;type_817;cat_6
1424;cx_4;type_818;cat_1
1425;cx_4;type_819;cat_2
1426;cx_4;type_820;cat_1
1427;cx_4;type_706;cat_6
1428;cx_4;type_821;cat_1
1429;cx_4;type_822;cat_1
1430;cx_4;type_708;cat_6
1431;cx_4;type_708;cat_6
1432;cx_4;type_823;cat_1
1433;cx_4;type_824;cat_1
1434;cx_4;type_706;cat_6
1435;cx_4;type_108;cat_2
1436;cx_4;type_825;cat_1
1437;cx_4;type_826;cat_1
1438;cx_4;type_97;cat_2
1439;cx_4;type_827;cat_2
1440;cx_4;type_708;cat_6
1441;cx_4;type_828;cat_6
1442;cx_4;type_708;cat_6
1443;cx_4;type_829;cat_6
1444;cx_4;type_708;cat_6
1445;cx_4;type_830;cat_1
1446;cx_4;type_708;cat_6
1447;cx_4;type_831;cat_1
1448;cx_4;type_97;cat_2
1449;cx_4;type_832;cat_2
1450;cx_4;type_708;cat_6
1451;cx_4;type_108;cat_2
1452;cx_4;type_833;cat_6
1453;cx_4;type_834;cat_5
1454;cx_4;type_835;cat_3
1455;cx_4;type_836;cat_1
1456;cx_4;type_837;cat_2
1457;cx_4;type_838;cat_1
1458;cx_4;type_839;cat_1
1459;cx_4;type_840;cat_6
1460;cx_4;type_708;cat_6
1461;cx_4;type_219;cat_2
1462;cx_4;type_841;cat_6
1463;cx_4;type_708;cat_6
1464;cx_4;type_842;cat_1
1465;cx_4;type_843;cat_3
1466;cx_4;type_739;cat_1
1467;cx_4;type_844;cat_6
1468;cx_4;type_845;cat_1
1469;cx_4;type_108;cat_2
1470;cx_4;type_776;cat_2
1471;cx_4;type_708;cat_6
1472;cx_4;type_846;cat_3
1473;cx_4;type_847;cat_3
1474;cx_4;type_814;cat_2
1475;cx_4;type_848;cat_1
1476;cx_4;type_849;cat_1
1477;cx_4;type_850;cat_1
1478;cx_4;type_851;cat_6
1479;cx_4;type_852;cat_1
1480;cx_4;type_853;cat_6
1481;cx_4;type_854;cat_1
1482;cx_4;type_726;cat_2
1483;cx_4;type_855;cat_2
1484;cx_4;type_856;cat_6
1485;cx_4;type_706;cat_6
1486;cx_4;type_857;cat_6
1487;cx_4;type_832;cat_2
1488;cx_4;type_858;cat_2
1489;cx_4;type_859;cat_2
1490;cx_4;type_860;cat_2
1491;cx_4;type_861;cat_2
1492;cx_4;type_862;cat_3
1493;cx_4;type_708;cat_6
1494;cx_4;type_863;cat_6
1495;cx_4;type_864;cat_3
1496;cx_4;type_865;cat_1
1497;cx_4;type_866;cat_1
1498;cx_4;type_867;cat_2
1499;cx_4;type_868;cat_1
1500;cx_4;type_776;cat_2
1501;cx_4;type_708;cat_6
1502;cx_4;type_708;cat_6
1503;cx_4;type_740;cat_3
1504;cx_4;type_708;cat_6
1505;cx_4;type_708;cat_6
1506;cx_4;type_97;cat_2
1507;cx_4;type_869;cat_1
1508;cx_4;type_856;cat_6
1509;cx_4;type_870;cat_2
1510;cx_4;type_219;cat_2
1511;cx_4;type_708;cat_6
1512;cx_4;type_708;cat_6
1513;cx_4;type_861;cat_2
1514;cx_4;type_871;cat_1
1515;cx_4;type_719;cat_2
1516;cx_4;type_708;cat_6
1517;cx_4;type_872;cat_1
1518;cx_4;type_97;cat_2
1519;cx_4;type_708;cat_6
1520;cx_4;type_873;cat_1
1521;cx_4;type_708;cat_6
1522;cx_4;type_874;cat_2
1523;cx_4;type_219;cat_2
1524;cx_4;type_708;cat_6
1525;cx_4;type_846;cat_3
1526;cx_4;type_875;cat_6
1527;cx_4;type_361;cat_6
1528;cx_4;type_97;cat_2
1529;cx_4;type_876;cat_6
1530;cx_4;type_877;cat_1
1531;cx_4;type_708;cat_6
1532;cx_4;type_878;cat_1
1533;cx_4;type_879;cat_2
1534;cx_4;type_708;cat_6
1535;cx_4;type_97;cat_2
1536;cx_4;type_708;cat_6
1537;cx_4;type_366;cat_1
1538;cx_4;type_97;cat_2
1539;cx_4;type_706;cat_6
1540;cx_4;type_708;cat_6
1541;cx_4;type_708;cat_6
1542;cx_4;type_708;cat_6
1543;cx_4;type_880;cat_2
1544;cx_4;type_708;cat_6
1545;cx_4;type_97;cat_2
1546;cx_4;type_881;cat_6
1547;cx_4;type_97;cat_2
1548;cx_4;type_882;cat_3
1549;cx_4;type_97;cat_2
1550;cx_4;type_97;cat_2
1551;cx_4;type_746;cat_2
1552;cx_4;type_883;cat_2
1553;cx_4;type_155;cat_2
1554;cx_4;type_884;cat_6
1555;cx_4;type_708;cat_6
1556;cx_4;type_108;cat_2
1557;cx_4;type_97;cat_2
1558;cx_4;type_708;cat_6
1559;cx_4;type_708;cat_6
1560;cx_4;type_97;cat_2
1561;cx_4;type_885;cat_3
1562;cx_4;type_248;cat_2
1563;cx_4;type_886;cat_2
1564;cx_4;type_887;cat_1
1565;cx_4;type_888;cat_3
1566;cx_4;type_889;cat_1
1567;cx_4;type_813;cat_2
1568;cx_4;type_890;cat_6
1569;cx_4;type_97;cat_2
1570;cx_4;type_891;cat_3
1571;cx_4;type_708;cat_6
1572;cx_4;type_879;cat_2
1573;cx_4;type_861;cat_2
1574;cx_4;type_708;cat_6
1575;cx_4;type_708;cat_6
1576;cx_4;type_892;cat_1
1577;cx_4;type_108;cat_2
1578;cx_4;type_726;cat_2
1579;cx_4;type_708;cat_6
1580;cx_4;type_640;cat_6
1581;cx_4;type_108;cat_2
1582;cx_4;type_893;cat_2
1583;cx_4;type_27;cat_1
1584;cx_4;type_894;cat_2
1585;cx_4;type_895;cat_2
1586;cx_4;type_97;cat_2
1587;cx_4;type_97;cat_2
1588;cx_4;type_776;cat_2
1589;cx_4;type_896;cat_2
1590;cx_4;type_708;cat_6
1591;cx_4;type_858;cat_3
1592;cx_4;type_897;cat_2
1593;cx_4;type_898;cat_6
1594;cx_4;type_895;cat_2
1595;cx_4;type_708;cat_6
1596;cx_4;type_336;cat_2
1597;cx_4;type_899;cat_3
1598;cx_4;type_900;cat_2
1599;cx_4;type_901;cat_1
1600;cx_4;type_724;cat_3
